<application>
  <component name="GeneralSettings">
    <option name="confirmExit" value="false" />
    <option name="confirmOpenNewProject2" value="0" />
    <option name="processCloseConfirmation" value="TERMINATE" />
    <option name="showTipsOnStartup" value="false" />
  </component>
  <component name="Registry">
    <entry key="ide.tooltip.initialDelay" value="209" />
    <entry key="debugger.watches.in.variables" value="false" />
    <entry key="suggest.all.run.configurations.from.context" value="true" />
    <entry key="search.everywhere.settings" value="true" />
    <entry key="documentation.show.toolbar" value="true" />
  </component>
</application>