<application>
  <component name="UISettings">
    <option name="FONT_FACE" value="Ubuntu Mono" />
    <option name="FONT_SCALE" value="1.0" />
    <option name="FONT_SIZE" value="11" />
    <option name="HIDE_TOOL_STRIPES" value="false" />
    <option name="MAX_LOOKUP_WIDTH2" value="686" />
    <option name="MOVE_MOUSE_ON_DEFAULT_BUTTON" value="true" />
    <option name="OVERRIDE_NONIDEA_LAF_FONTS" value="true" />
    <option name="SHOW_EDITOR_TOOLTIP" value="false" />
    <option name="SHOW_ICONS_IN_MENUS" value="false" />
    <option name="SHOW_MEMORY_INDICATOR" value="true" />
    <option name="SORT_BOOKMARKS" value="true" />
    <option name="WIDESCREEN_SUPPORT" value="true" />
  </component>
</application>